"x","y"
1155438.36769718,692615.571826483
1155106.50324599,692387.778913329
1147121.07599823,688742.226213625
1150038.69490118,671250.452321823
1156971.71009517,657856.914653045
1159776.46166244,655678.331394366
1161940.87126404,651244.782773909
1162712.03943459,651017.351367017
NA,NA
1386261.36999661,-942793.893558389
1381074.47318516,-936248.807800247
1375685.12307859,-933265.706314106
1373710.72998403,-931560.595156423
1375849.6219102,-924434.446714874
1378315.51077118,-922696.592367135
1377635.19601018,-921382.701746341
1374094.4683463,-920359.943611602
1370637.65374628,-918201.477198387
1366603.48690836,-912772.434918519
1362163.75917933,-908403.636513604
1352708.73493076,-904477.415566512
1346927.4332635,-904587.160012447
1341532.194056,-899021.387420057
1337861.10192464,-901186.435027825
1337086.79953084,-907741.187112374
1332998.17563211,-913049.958261446
1324285.27108223,-917853.440258852
1311633.14925977,-937594.829043675
1302070.26905122,-944959.53861739
1291955.07043298,-951293.215347682
1283430.48833961,-954120.312478711
1274382.37995275,-953852.197231902
1269745.80445262,-953143.575382252
1263608.33966634,-948285.854275099
1261753.35754023,-947794.62181618
1260589.6013225,-952740.288513832
1259953.07850905,-964055.819966499
1262279.19459392,-977253.921660326
1266293.96171977,-981932.656921672
1272448.20877377,-986545.449859616
1278113.9678525,-992431.007611028
1281609.12358552,-998545.503358022
1284831.86420231,-1008356.95972716
1290914.19754446,-1014366.58717972
1293023.41417676,-1032397.47838645
1292383.05410602,-1038470.20337165
1288934.15760697,-1043386.79477822
1288926.40509275,-1047636.25436725
NA,NA
1400262.31197617,-1033655.80979626
1400335.54533585,-1031714.3570907
1398715.71012577,-1023456.26257367
1394183.51473479,-1016416.86890782
1391155.7020043,-1004445.80187145
1398666.29139562,-988488.790986505
1400481.56020666,-983570.65711961
1401515.52174157,-976846.812865298
1399729.95731605,-970665.883909245
1386261.36999661,-942793.893558389
NA,NA
1280289.52202208,-809510.570407036
1285524.46348661,-811403.595526735
1286393.18222925,-817225.123808889
1282986.92483685,-823028.822934625
1280318.71133329,-827479.137156565
1281274.30827572,-830569.739778038
1285689.9702228,-830958.361319059
1291199.35197103,-829947.835734643
1293488.81413351,-835843.710350108
1291092.67328268,-843651.51966338
1291633.09356307,-848394.82279429
1296392.09590316,-850541.550331587
1306560.84320217,-853364.79976559
1306366.3436733,-857022.268279981
1302838.88474733,-862092.089341376
1301534.75212016,-866700.702339361
1304839.02310356,-869615.210565467
1309868.51785351,-873805.085607423
1319467.69343457,-877052.760312072
1336123.92812531,-885260.724088867
1340661.88830295,-876159.445177644
1344673.39132029,-856710.427960407
1347524.61503648,-850479.686506322
1348461.74603703,-844420.209033363
1346048.41246139,-822655.437262355
1347641.91764722,-817207.989456609
1355396.43059052,-798326.148411224
1355397.29327358,-794789.824760231
1346905.49670191,-751564.994048271
1345019.38578661,-748089.776858266
1341591.81576821,-745164.076052766
1339371.01024517,-740594.858157059
1339268.97253825,-723971.688384923
1338279.4780535,-717866.896622415
1335525.36852393,-708647.498824546
1335174.78462107,-704640.295345646
1330632.55401284,-700680.685590046
1326448.72593342,-701720.342079459
1324937.20919458,-710261.932884657
1326256.64616341,-724775.920275521
1328226.28236373,-729850.000751675
1326988.9911121,-736101.278753286
1325162.14790568,-738450.09984333
1322090.97285723,-736847.124361048
1317292.19327747,-735597.142313818
1312305.47344756,-735845.142403784
1308659.74040592,-739491.839250251
1305628.91207997,-744794.427636931
1301869.07439114,-747141.10418298
1287624.52561379,-753229.480004514
1280094.05750023,-760771.645113464
1275826.73577704,-775236.06534867
1272076.79205772,-780371.349402654
1270659.10809939,-783666.133615423
1273047.92710937,-784832.759329268
1275829.66533958,-784630.726880753
1280760.18224169,-790715.193304067
1275538.26751962,-794265.99494692
1272646.37843675,-799108.169672793
1275239.59444507,-805329.928531546
1280289.52202208,-809510.570407036
NA,NA
281199.534559836,856320.083379051
288450.944322551,858240.61911591
302954.429929019,864762.771255346
316509.580361287,869582.209250129
322963.701652544,869665.801908991
335446.185437169,865363.3707822
338301.147337357,865188.23497987
343657.204674181,866996.489968558
349049.879343812,867261.831198333
385539.648548558,865693.437773936
395684.446427716,868066.908856382
402394.037183178,865200.308186294
408022.820192192,858048.113050396
413410.626995736,844858.152128063
413253.802269731,842661.522925646
410026.595150116,836634.862744837
404042.131909056,829079.804871773
398873.611945759,818690.395701599
397349.884860842,813086.945450734
396326.613791952,806956.356257909
394673.732841354,801288.874355748
384230.609254285,774687.186421988
373992.490153081,759976.035491996
369368.685836712,749527.917837965
363671.773360347,741224.593753194
358193.86191103,736024.802553471
352355.239536819,732586.246234934
335533.337844481,729069.595629953
330794.325852625,726464.50807835
325108.396604019,721956.808646489
319167.983067417,719788.026621291
326089.766825145,719949.97186177
332986.300811586,722395.780208753
345460.576167733,723157.296725519
359723.311447226,714176.219279827
358320.703833492,706971.76680477
352475.698962511,701325.933233666
339297.422771827,700596.137499698
326767.213388609,688105.266638883
321122.348588882,684302.29699805
315198.683857215,682474.425043785
307847.28880866,683201.973747048
294553.351162744,686905.647011045
288796.596098346,690601.440820229
293935.572635383,684675.357620995
299866.154382979,681510.228182029
334609.723514807,673710.289033744
336721.328818665,674417.985235697
347939.587125992,681800.964497819
362745.927435306,681761.144608862
390902.748264813,667772.389192358
399042.532884857,657187.231402805
410773.676897136,642038.229248925
417181.70142944,636140.58418762
421830.482365761,630797.509837182
424726.786861402,622770.04477672
430442.729696987,596254.116702133
437006.51929415,570361.44851684
445659.206186838,542336.411266467
449560.917804911,534568.884758362
454654.843353443,529149.95294953
480364.904215207,516945.749543524
486132.729755924,512877.25301758
496311.914788553,500971.54571837
506202.367014318,488286.800091837
515402.034565566,478593.929331837
525306.889784087,470828.847170319
520714.938207753,466537.519301612
517658.246393334,459903.622119813
520300.324155831,451057.016726817
524497.948431748,442655.112224519
532694.714968574,429258.373823106
540046.469407784,414604.155442576
537426.049360718,416772.06080628
534704.646853684,417927.350249237
531045.059284761,417454.386972905
527436.145337224,418072.779431749
520700.336594069,422547.769257099
514209.359632783,428097.724922019
501637.764975888,425515.126789703
494602.418742013,426395.176012631
488519.868323949,426124.381214968
500126.654754858,423058.899816795
512766.100741084,423116.994884481
541374.413610339,398944.232628127
551313.87089676,384469.499432866
557600.643130205,365128.575825692
554023.993728327,356232.415166739
548182.007005189,350362.529706713
542756.300606663,343692.013902192
537693.557923484,336201.671789697
553763.454096854,325895.675699199
557148.917095222,326330.385783907
560586.786546512,327954.364553787
563811.363434127,331732.032992528
569145.620541103,340848.564915463
571939.07340077,344128.096126643
581678.986256674,345632.791558886
589913.175919342,345265.110569401
598169.580467945,343623.248272866
605331.131617772,344548.520205489
619991.02566241,341359.757203963
627602.044147113,338252.165752187
646858.93817792,323615.341099849
651303.430222578,315319.583135497
653715.235918366,304438.608322258
654566.210345487,292273.979256475
652000.330844201,280983.81237841
648898.668875231,270752.210556809
647315.531912336,257666.192621557
645958.024333203,252913.268925456
643918.748445287,249145.053544759
634434.589138423,238427.661260896
627991.334044318,233912.978721636
625104.133542291,235631.591914373
622124.742342985,235242.496031695
621918.778908425,232769.214502677
625314.277027325,227682.635839093
625638.454867653,221376.253895275
619924.983118293,216444.758194744
613992.014602676,214192.530395886
603816.867580791,216260.363830119
590164.862806655,207014.994141939
600409.332435573,202936.844681089
602631.42984862,198262.112695194
600435.944132152,189800.74833175
594225.211977167,185823.639939955
587237.056691713,183908.232829802
580030.301207191,183250.728618883
574118.663069512,180995.319286999
568508.928612487,176860.135956127
575646.306933648,179199.726055238
580708.044178536,177539.716889258
584102.269882896,170616.048641137
587028.46319081,168705.655055113
601257.815003051,166234.937363627
609998.664794333,166608.741855107
626780.050980147,169040.042655196
634874.646655404,169362.820350053
637821.612627486,168226.403082532
638140.861349955,162398.700427673
637545.000305567,148020.632288548
635442.219203508,144964.671501145
613491.289808076,131956.132681338
609218.421029171,123364.092748311
608127.291189277,118219.964976162
594898.07208787,118608.283668082
588912.421701484,112994.287419322
578341.329430149,109044.1770641
570190.685555634,104961.31742241
562237.750959245,99898.1732565406
555609.493480559,98256.2424672702
526629.338763595,103182.226672868
509247.949382451,102321.721665149
485764.875929022,96907.6897240116
479678.114398613,97631.3551289026
470503.749318804,102262.145220539
461147.506277578,105364.357442515
450418.430000558,106666.851737847
441135.25627352,110983.788939035
446976.957056666,102572.871091209
434190.581803007,94317.5917716338
428267.222826434,92658.7404004623
422121.975613411,92884.4350695723
409555.64940637,90631.2464618813
397904.319890336,91752.5806427108
399654.649810375,85953.1605898825
402779.795467753,80898.7629311361
400244.840868869,78699.0698449563
397559.930581437,78151.294657598
375334.946376628,82026.3196679924
372181.987326117,81320.0112126019
369419.334748193,77811.5043594886
361343.451293808,79765.4264658763
353537.312961361,85769.4275505969
345232.227739845,89835.7139330202
336504.219320182,91808.1323816557
329540.131988313,91251.3262972205
300759.111181585,82355.6663407524
294852.495320742,73074.5247054944
291714.450296246,59814.8749335317
287307.768990603,48077.3429747749
280310.664680341,39121.9873728978
272183.535042165,38121.8483084502
264724.688971329,44613.5367071884
250444.814402794,51962.4329609299
245663.48931212,56805.0975022848
244106.445543275,57127.9462430527
242442.527413583,55492.9456690771
236711.55420327,53542.3716663339
230839.393607174,53629.2202449205
221729.575369889,52053.6576646189
205778.161479336,46951.538293729
199265.419368295,43351.0893722315
185143.857621774,33302.5325481918
182230.985843737,30484.9822810374
176792.317034451,20015.0334063736
169069.261618242,18456.2571842902
162383.568428554,25606.8349053307
154544.856209114,28354.8319051124
146052.235083246,26408.1334215755
140805.036412634,23015.6673189135
138583.847090453,26083.4118738374
138804.764553769,32160.2506638037
145267.055207681,39098.4790330034
161807.090084899,43807.9334260906
176697.374841517,57368.5836399351
184042.955114317,65724.4990311325
187008.942519169,70475.2918469559
190539.583842038,73437.9085177549
195038.984443881,74434.7510738864
197533.320224283,79720.0366723683
217991.698849983,100602.238170062
219781.228459362,105502.402236102
221063.643253868,114333.895989218
222972.60400426,122812.565301558
239051.36842409,127819.306292821
247179.069683682,145531.930696416
249302.12573983,146892.879263884
271464.401369408,149582.134425805
287825.221792515,148937.122528012
304014.731092079,145093.940342974
312347.374371406,144629.767324226
320735.415032537,145704.479055168
327367.065451173,150450.825861781
338799.145953508,167772.824439718
345172.128152991,175390.407213731
352433.480128991,182263.265260216
359219.909617818,190138.519291257
370194.88940495,204757.540820681
362817.759431082,199745.112656511
353875.211256865,191786.657418901
348673.082996324,187177.035779166
332231.733601946,182672.51900312
325097.010975446,177982.414477649
312525.599494262,167358.032760821
310121.889232475,166503.640923866
291444.731639912,169469.491693736
277850.872045643,183811.054071407
269118.002061885,189783.144331153
265472.452707777,190530.821550865
261638.179348149,188922.583356301
253485.770143068,187402.209666714
245228.000313155,187946.801384059
249640.17290644,194297.200631978
255465.208651411,197751.848880262
242738.191444749,200648.795573453
239243.591367477,202731.964669949
235340.09104158,207402.018684099
225342.410063754,208516.492069686
220518.878603683,207528.353087002
212228.798978855,201823.199997487
199211.372224168,195930.217115283
184195.844044302,205414.565634499
181352.276060661,209420.676066413
181755.250456723,216903.63694664
179717.428021764,222932.392274904
175562.52471986,225211.142576847
181333.619605948,232695.750686683
188097.202448668,237554.671945793
202683.8458863,242072.921794896
224874.667957099,253382.264485349
237219.203088895,258131.061366569
248796.95119045,266683.101437617
253621.35870652,271972.730535411
257217.627932171,279307.638530056
260825.332873079,288334.697475873
265797.045016047,295608.929459173
261228.281751133,297502.837607038
259324.087509691,303149.987755284
260042.438438913,308803.563298748
262311.463716609,313771.702620258
260589.227782925,320131.040132284
257403.26978606,326822.240716032
257741.850884724,331948.772615748
258796.306673039,337407.639407212
250202.866394318,337373.338589104
241588.144252899,335930.663771256
233694.344993519,332303.44637054
225974.926246708,327284.824095665
219243.224095278,326552.755668582
219509.483019367,330773.3395476
222604.539295884,335889.694326619
230444.038315189,343078.521146347
238751.38039007,348985.531703958
241781.802681545,353587.413959841
244223.444293398,358971.158654506
248369.245411504,363225.189920872
259147.530963637,371179.72317899
279529.102104045,379942.205513924
282545.684160097,380415.657505452
290403.331066428,379146.604149769
298184.519162411,380381.110108796
305037.491367293,383591.981854984
311812.677487512,384184.001300781
326882.644930554,374262.350818518
322589.571827028,389282.678508903
329347.71249633,392757.56835392
338887.571010988,379107.62866504
342494.965692131,377639.218550255
350157.537914069,379513.873896739
347235.35971593,381827.171278369
343796.583274769,382002.459852148
339315.814923208,384094.956222895
335588.168872897,388479.634155482
329500.318835419,402323.255236929
329961.77321586,410482.660695062
334301.947394652,418912.266809853
339069.07927114,426660.916794212
335183.431167569,428267.073211393
332096.998659123,431299.269486403
331317.557204117,439129.51428656
332641.522899557,446016.245730827
341056.085188815,451998.244768015
343625.993936082,461219.419324679
344790.11264824,471382.2760664
343469.224978732,476065.719949954
335239.377268583,475424.284584661
331213.863543846,473580.800354938
327579.123752131,470620.645821139
323903.017515243,470859.144316795
313948.044091926,482294.183917042
308334.920577173,490918.85077261
298382.750489462,509157.176836982
297158.19650456,519957.542360778
305882.344243543,543003.705227625
318802.563617462,557611.312790457
333733.822191411,562539.372375865
330878.499911671,563571.678412151
308279.815636319,564179.047087831
300790.197241687,562517.917037673
293738.363019584,556607.826683017
289784.600610111,554838.658778657
285660.088352436,554251.423882206
281836.577614896,551327.789144806
278064.152464651,547231.546620558
274176.410152476,544652.824817103
266617.287923151,545566.251547083
262914.156132543,544791.17149642
260348.789988017,547300.498546787
258266.026140777,551383.970697977
255409.624176645,552546.180921218
252143.547849674,551418.04277011
245134.781704652,546237.427128347
238104.6145635,543286.683197369
229865.225394055,547006.001826506
219160.469446411,553788.154378028
216906.553100968,551556.429841489
214236.160169203,545757.627330676
212456.43217596,536604.266141252
204999.779643883,544934.593734308
198842.562925498,555919.878370898
196925.647495399,562737.827812442
197102.932353626,570305.056821045
200815.882509322,573076.574890745
204587.376892484,570221.831811087
211148.919522483,587916.896102905
223573.000481729,610799.547748541
227875.946688952,617489.505817078
231028.506197251,626316.138592499
230773.664305098,632185.003615161
228457.980525662,637220.456667064
218364.303041747,648864.527629191
218883.308345424,657989.688848848
220437.953198312,668258.042862489
223543.234217963,674327.64549697
224792.640512079,675457.445063296
238695.361069853,674751.931281185
233394.635182695,678152.392796724
222975.246009432,687905.134877601
223302.762354808,691199.987703526
226186.269983821,699717.378984979
224980.321055888,698890.492997953
222510.927663281,695003.594424282
217698.411412468,685551.918629405
214906.721878155,683418.255443553
207171.993133734,681466.705503171
205575.581624864,676781.652869037
204291.025168172,675598.830427744
200445.897313994,675236.144885046
199069.090182659,670863.923446116
198204.298472818,670621.184154508
197341.818132729,675446.162809794
197607.199887601,683364.59252241
199465.854432906,690571.49032338
202623.670095578,696129.415523495
214338.570977646,708574.414292098
208747.337776218,704821.07749518
195898.891549279,693428.776035066
189224.826369581,685868.515055777
187411.440212851,683295.562240212
186774.062987184,681084.052768002
186682.904588029,678502.540446026
188841.716955482,664530.438238451
187718.282704017,658166.95623194
174851.954795734,616383.980993695
172586.494473315,612242.676084898
170589.788876332,610119.199895188
168783.088517942,609701.712345265
163492.335961092,610793.601829887
161283.945340343,614092.943333656
161500.419102361,617686.348942657
162789.780597899,623024.273547288
168327.384814734,642860.235209853
170553.841276796,648334.920177603
173689.958882191,653370.869213477
180460.859553685,662126.939982703
180337.927609887,662726.633048477
176052.920857196,661160.019833341
174296.686320023,661839.176162373
173109.064600037,663703.580062704
175348.178021371,690590.047600299
179184.396977705,699277.48130974
181107.502794174,712099.933864477
184581.770890543,722986.990573395
188348.921428577,730855.676008046
191412.710802895,741015.584414905
195478.217001526,745400.628897403
196845.099515183,752346.63377769
201503.750883984,759712.808148884
205190.722306257,767476.707951592
203369.720091335,766778.037324812
181113.840384626,747217.091625832
175495.816673296,743749.596200467
168153.731722395,745154.674510729
162629.26058941,747788.330523247
158492.83881792,752915.849073939
157064.846922968,762390.874834412
151644.473075396,762959.351086971
147093.344965928,764855.590140852
147226.178189221,766111.829768782
153522.467727153,770858.062289443
163215.371843893,772051.626376529
172637.42867007,779720.046490356
164978.397270901,785680.17059531
165748.520632232,787390.852075741
172946.868421253,791702.79836014
182585.750718914,806991.115079397
185123.676551846,821399.279534962
181304.883025274,828431.041024671
180033.648683047,832976.429245666
171976.128416036,838407.997804821
170943.918235005,844856.206484995
172109.390014606,848353.71956812
175011.276715482,851673.182279279
179237.132544666,854154.061702394
185767.064257215,856396.741523698
180117.929893944,859477.165165711
178134.863477162,862864.635215994
176757.891719706,867690.699682037
176758.136002552,870441.767287008
180417.444033737,882503.140385778
182428.703055061,887448.869702801
186162.673019891,893697.389133565
201511.989103071,892542.173446164
203419.770728147,895296.009647441
205166.004980697,895319.49427204
212896.828347424,892358.892768508
211861.629448103,895200.484190888
199786.952046555,911089.401042827
198787.597005649,914053.452428807
202840.934067192,922100.633424406
203287.393589683,925754.347021054
202949.072863294,929703.077552137
204134.839118451,932633.881868863
208237.258621876,933848.352368738
220523.41015842,933129.069025296
223616.036660146,934383.369320408
222414.618103528,938411.526099531
219795.971857408,943757.117781264
219440.232160358,948161.758086194
220285.162131844,951999.520476705
220798.542266821,959778.099427898
221510.672532498,963197.395928653
224638.980477467,968222.405014476
227097.200368284,969647.892785935
230098.867274627,970414.1363984
236711.059753865,968405.866924322
239174.240507417,966218.747883657
241903.386877798,961181.363874086
244086.105759257,961491.006756424
252630.682307052,966509.08917209
255163.757991139,967181.53836054
258349.236383116,960866.411636652
272757.955065738,965316.460945982
291964.172025472,966951.387713476
303540.114554178,969900.419601856
315664.833031345,970799.14586596
327027.396159318,974256.629008265
338958.318411477,972359.759154538
339324.535816751,970206.099630293
338650.771479085,967236.755655771
335453.138939437,959126.226290366
335801.693117855,950012.231797247
335068.874931871,947261.933792732
333616.207265265,943882.209114398
329081.382062506,937604.596956934
317256.362145876,928748.041692522
295337.194109573,908376.368791112
282342.207487826,898371.378554183
280442.637399689,893439.601217903
279288.204198863,886538.660651036
286889.970768058,884940.948433658
289776.184891797,882510.954033955
287847.913614637,879039.781390213
276149.393106173,867143.756463446
272456.224045555,856194.139839207
281199.534559836,856320.083379051
NA,NA
-121219.745880715,223171.631843808
-119821.640626825,224894.571749158
-123517.332719556,226193.904756264
-146044.10675523,223860.31501852
-154139.285026916,220711.374427165
-161926.437206506,220402.496182208
-157703.354233163,226097.070962186
-146921.130806383,233348.231506538
-141209.863296721,236701.731949942
-137818.149938672,237908.78565885
-133620.456570277,242413.309954981
-122673.5908139,246881.208036187
-157296.429557816,239018.672533489
-165913.868401205,241403.448774586
-167615.835526021,244839.822250547
-174618.313558178,244121.638242907
-176310.741236715,252166.737017599
-164870.632470609,262740.232441489
-158426.124882027,267123.295301902
-151153.53651469,269067.101888768
-144017.952583603,272236.367180413
-141006.43160405,276747.372639259
-143990.009501494,278616.471801794
-164180.344130925,279656.895215737
-173670.187959353,281784.388113443
-172709.024884959,285515.399593091
-170453.324960377,289507.689576939
-159700.218309864,295547.664097304
-154202.848713315,296091.971858744
-149494.844862765,294870.911240202
-145027.035271795,292507.658526644
-141492.258696447,289681.613810873
-130089.806192563,289835.960660768
-134285.666306179,294934.271571014
-134094.806193303,304349.115525012
-137338.122734743,307873.97897739
-132280.064478015,311695.176863825
-126751.467361726,313753.550452016
-117063.995856128,321758.1495921
-113814.918253725,322788.954700638
-96338.868980879,323168.64988134
-77273.4448011506,326008.883672867
-58233.3823323645,330726.65225427
-67319.542925058,335255.260540789
-71369.3191900481,340480.286105694
-79576.2282716113,331517.879173854
-85176.186179233,328336.537164553
-100159.246393192,327860.047154553
-104723.104100927,329433.938139389
-110994.907113448,333126.512726241
-113162.477833844,332199.537878434
-115310.921334087,330082.188935966
-125605.50356927,326385.56482001
-136021.9774851,326373.336920963
-123114.630315049,333774.035038529
-106405.513129995,346916.14107917
-102547.206335547,351229.042670388
-96918.9341715885,358838.743554202
-98025.5025291992,362601.504938643
-100911.9778432,364978.415661878
-88294.6549449609,380531.942539196
-84156.9668463712,383170.835613147
-77144.2516128726,382955.879850108
-71776.8053443263,385092.308852143
-69527.4647573127,384880.819245957
-67410.3383659986,385668.49290807
-62450.9712155103,390229.145110628
-69029.2574514209,394086.902042962
-75976.9770941227,396432.114610077
-98154.3604335646,396957.593221792
-101008.38248094,397636.357420075
-103572.853021448,399458.826864935
-105104.85579752,401857.763831457
-105830.109919324,407667.601056309
-107303.034611153,409107.980865892
-112258.549956804,409642.851839324
-117329.061939202,408441.14508334
-120720.025711245,408983.6437686
-123792.319311974,411834.947920643
-117818.92447741,417042.554310516
-124538.042246473,419167.926638072
-131619.275704739,418810.182170089
-137210.745197788,421222.506184272
-136976.849533573,424877.553540308
-133941.740204162,428207.718058655
-136979.401790134,432038.535715215
-137190.865745456,436469.095217598
-133295.619829936,438191.078887993
-129390.606828132,437029.057245504
-120902.008691092,439334.508359559
-110327.488727001,439747.824589545
-118896.758436662,443904.559431867
-122143.742381547,447019.780492401
-121848.429733176,451199.007479028
-120746.235873956,454679.082490298
-109786.087632237,459562.364433916
-98536.9281692127,461027.23415711
-98918.4693039631,465080.066498437
-97691.5440360951,469288.812834089
-108611.794643647,471731.162111256
-119866.455323393,469916.02739782
-117779.33837722,477980.482538922
-114342.361714796,485087.854605575
-113284.126077148,489911.087661999
-113220.224648075,495190.853322404
-118559.92162069,493530.828258848
-118323.443720192,500958.935467489
-119931.49587059,506254.060961469
-127850.825516647,503637.900733262
-126889.099589807,510276.829370605
-124189.428656849,514685.299110303
-120033.489658239,516256.172059977
-116237.301246389,514936.171920639
-108995.7903562,514210.26407529
-101635.245960166,516936.997662912
-91490.8078337694,516741.844410117
-75592.4173211476,513943.664172269
-65586.3837350244,502929.382348639
-62558.2045045199,504407.288446174
-57521.8565733547,510207.261879102
-55385.4310918482,510688.914497093
-39042.0412707721,506342.021011196
-29061.5517641834,501768.514449018
-26193.6508787256,502632.680533412
-27035.2833827077,509700.413736737
-30133.3180454124,514837.254258406
-25089.0138307762,520713.482527829
-19290.1793066141,524473.278892611
-15486.7475325771,526267.161253856
-6923.0370646806,528153.754133416
-3070.95710037503,530318.66183185
61.4228559673065,538195.332749903
4491.89996988646,544598.242265853
-16642.2477708479,542968.025906608
-35679.3800309912,552824.365167656
-32002.3251298745,558165.288975007
-27527.9841745052,560970.335607826
-20106.6357822028,562741.803627983
-19151.4011664531,565622.118137358
-15288.5150342243,567734.266404839
-8694.37078165915,573612.064669322
-10125.3741755668,582212.770093941
-8382.34684625082,588247.612767239
-3713.38210263592,591856.08098259
-1848.00084625464,597481.798276906
448.460900381149,601538.196206908
9290.68126893375,602274.031368236
17998.3311971468,605475.398216816
20984.4560106107,604835.991324644
30936.5704316537,604906.496702865
34150.0505586012,603044.750080128
33962.5092528299,610056.415872028
40094.5324391371,610464.167346686
42349.1390633861,608883.058350018
42992.842344421,603873.162583447
45496.6639461722,600510.627111337
45911.3067818678,594979.688805212
43722.9306063458,590907.198319247
40363.8265663123,587907.219122797
42930.920561383,584353.535151163
38045.7793681416,578697.93402402
43003.5848965234,580875.358334973
50234.4570208198,586224.766599482
50261.2435553794,591064.568524399
49591.0696779554,597204.113079463
48148.1347608076,602810.435522269
49487.8595232473,608752.883815934
53564.2030387807,612214.088096028
63636.6020736117,613333.662502761
60093.2334973146,620471.48418408
63760.1965965788,620817.235575496
67583.7851869173,619096.843732004
72973.4659749073,613345.985290857
78696.553842283,608730.066510877
84716.7723724878,604974.340324514
78219.9805553786,598787.211380178
70472.5985148102,594740.932055645
67182.0335953207,589955.73387704
69443.9245943973,585863.961332598
74348.3884044541,584542.151503614
79066.0731068343,587810.565192099
85200.2665732611,598754.75057896
88951.7871428633,599204.176478349
92965.0365428487,598002.54911183
101076.965743232,598876.332509452
115647.181686442,603225.829748606
121989.123388389,602909.794617585
130781.131614003,599581.530906688
137464.037639567,599240.12845884
142929.449661229,590791.890292608
145387.202547185,577838.903300236
152132.735703441,564802.016336006
161307.938835799,553293.659473781
161343.95560938,546556.334466584
157648.926802348,543137.942898154
150069.389123114,539058.677444966
149835.981704586,534268.313780877
154813.342607185,536419.030253195
159052.454190952,537307.335434311
169058.046813775,535712.505223928
172332.191068791,530663.441517746
174405.46300899,523249.131066076
175387.898603546,517196.477139625
174193.04469375,510729.098937553
171574.710538958,512928.080188468
169105.690389849,518893.743279433
166176.081014672,521732.858542691
162687.200091113,523367.466013527
163888.508735289,515290.797246292
162694.131070948,504633.060342838
164204.502775852,503542.253423476
169004.203853829,503112.048981739
165263.944978541,492327.688597181
158517.057640943,489699.818003566
150764.997197646,488997.861603429
148698.942456987,485222.481720364
147027.175816857,480304.342925094
142587.23561144,473078.716062539
137034.295128208,469176.248202897
130509.781550532,470401.723746344
124266.378512589,474098.544186984
126798.618595276,470020.43196304
127791.039813848,465914.614185804
122873.256067739,464686.578455657
117883.923962228,465816.028961746
115262.531013677,463317.688787204
114788.887969621,458225.254695292
116094.341198797,451547.37103353
119193.372887227,446679.531577578
121269.404753017,436008.491267101
122829.633419894,424220.646745867
125922.307306297,416974.607246405
126135.052279246,408193.235389493
125367.490694741,403929.6356782
125561.385919426,396173.512020353
123903.823755979,393541.143385479
124610.208355063,386229.096553512
127913.732158096,370991.715231663
129261.325143207,362534.321130172
129415.253183925,344229.050147141
126065.207676042,337562.451600738
121710.642656484,331303.675469563
118659.442254706,323768.47018181
116158.523297095,315586.871631812
114156.996730344,302278.945457073
104525.467967697,287110.092837655
100579.967344951,283438.005725799
96129.4992059856,281303.292927392
104879.579312924,269762.368874502
96874.3547255764,265339.369113089
88367.7251676441,264321.09126499
79240.4139104694,267662.261535347
73421.4736338266,267705.6833884
67892.8384445817,264509.525378464
65662.7416313015,262501.222742737
64064.5100293361,263650.650208039
61188.9584535672,272885.552504518
57988.5724141244,263772.666717233
52415.7348620262,261189.515190103
43270.4390282893,262472.752259703
27727.4255810067,261129.931971337
21614.831695118,258930.546155047
18841.20201492,254979.598444611
16646.3281479778,250335.626351741
14023.90011703,247695.388363366
11188.5725901689,246420.852903103
-993.093921470921,243839.254615541
-3453.57723327575,242618.48399852
-9602.50538169895,235344.644328576
-17217.7341036948,231480.355153329
-23333.223914925,230645.183425958
-28279.0355895359,235595.031730467
-30235.8292981014,238483.974149884
-32587.1645056256,240069.604863617
-40779.5481475783,240573.828582596
-38321.1719440972,238958.199442253
-36930.5887163842,235639.564546328
-36651.7555299176,229489.761005791
-38104.1400324726,223611.38581947
-42417.7024391883,220940.727485196
-47298.1076106642,220810.389003444
-55478.6404542863,215313.95231669
-65733.0748614647,214552.706362205
-71721.6581684101,209368.021048332
-106096.695395013,202986.674491314
-108006.136724877,203063.401118768
-112378.883118857,205980.320887869
-117275.632216127,207575.352420927
-122337.747434216,207324.728661738
-136926.370181036,203420.147939492
-143606.913239089,205214.647957281
-133528.804494592,217647.890018221
-121219.745880715,223171.631843808
NA,NA
943345.135894519,429089.962260969
952174.346658056,433935.740712641
949310.754160454,434077.014337656
941435.318916541,430773.727113929
941005.255300462,429621.056767751
943345.135894519,429089.962260969
NA,NA
911277.930253933,425107.064567477
907798.302690493,423957.071453274
908668.394727557,422746.548134002
913234.085477302,421866.428218523
926100.004374155,425108.371883909
925952.509657569,425782.950165695
922388.422681313,426520.724395297
911277.930253933,425107.064567477
NA,NA
867974.879051262,402306.792766358
860743.037675123,394429.318850712
861922.557445004,393236.138057509
873420.557316068,402601.870510529
867974.879051262,402306.792766358
NA,NA
892368.484659502,418383.223758939
877907.033670401,412448.123763197
880877.548239318,411178.312057025
886969.566695598,412695.521869883
903389.35898089,420293.541662772
901655.230591874,420722.202341376
892368.484659502,418383.223758939
NA,NA
353278.697339945,-47832.2493481969
353778.933784204,-49758.3543335992
360403.951788717,-52280.6162623709
362995.953923287,-44980.7969390449
362382.667092865,-43668.2387842795
360841.575847392,-43624.7872773379
353278.697339945,-47832.2493481969
NA,NA
384052.961257344,-70451.0075162637
382906.28063712,-80452.0865918368
388023.086668922,-79238.8656735823
393463.415192628,-79248.1082216777
396176.847605346,-81204.9070143418
399373.314682687,-79984.8913841863
398737.73290007,-74377.2915613351
394112.110619848,-71692.5714707824
384052.961257344,-70451.0075162637
NA,NA
242701.414602308,479307.598610765
244142.539415365,483717.530324353
247842.66413298,488460.200052508
245753.071644809,502282.066626457
244600.444642668,503473.958010374
242724.905570499,504011.259559369
237157.528048073,500812.830992323
229808.115553432,488854.134405721
224167.427962312,484383.695794783
220656.657992159,472699.879026958
217855.866591123,467712.915199214
219120.931297939,467260.742092744
223730.146534359,468420.692781914
228988.765504949,465688.767499648
242701.414602308,479307.598610765
NA,NA
120077.467343952,761498.925020532
113526.290149852,754388.748224805
113670.626916435,752797.482383874
117199.367707916,753180.264133319
122262.136725552,757487.973366501
125389.976756422,761654.560427771
124069.190714026,762477.332775888
120077.467343952,761498.925020532
NA,NA
204351.373788243,635523.323887719
201329.35334554,646005.845420537
199878.114053665,648766.411917771
195856.754585451,651848.882657741
191639.806066162,651183.38676328
189808.181095147,649213.825228069
188102.692173137,646645.417231635
186463.042930692,641308.858327754
189580.906716089,625850.469730672
192892.24489593,622982.25490682
195726.95833889,621886.095379549
203701.141551401,621604.139548363
204602.678564353,626635.947678733
204351.373788243,635523.323887719
NA,NA
164153.760025846,743317.577120858
157429.022051577,745033.842657209
152826.680296195,753702.943638675
148579.985037038,757954.548767008
146430.49605326,758552.542366806
143700.836511006,757950.012330483
137097.713879916,754886.621000082
135784.774766002,753508.25349991
134755.474572834,750297.264085577
135189.046257844,748340.465074216
145325.266028753,740849.041785569
141589.261701833,726149.76829935
134452.204393742,724612.129158815
132636.109303171,722693.130458175
133211.91235593,719610.185006763
141665.208767151,718537.790763047
166637.993653102,723298.236099184
168581.799659061,739515.482842441
164153.760025846,743317.577120858
NA,NA
142201.604900063,678536.954552068
136609.265722544,675976.002110073
130304.104090239,670997.322274825
128369.643793839,673042.364296713
126426.96415281,672897.905749913
123918.514113954,671193.382294377
121753.159984249,668846.642747749
120480.150302995,666235.928641732
119971.988811364,661886.166439789
117727.203259615,655621.145100003
117894.021504299,654018.589962425
120417.651666946,654629.575484467
128317.879194608,661954.70670965
130374.524034537,662523.886017457
131279.339503248,661563.055330165
129994.927962557,656716.261727125
131606.474596701,650136.924831151
128914.786063424,644592.441738153
128965.641407635,643226.86737005
132234.366284243,643057.728672722
142936.547539337,648025.667043703
145260.630666299,652105.833297601
145293.755194603,655138.429194925
143608.23322264,664123.686155902
142201.604900063,678536.954552068
NA,NA
154780.402487464,690599.150798181
152428.061192193,686179.856937969
152495.66857915,684808.594989063
156034.718015092,682661.73928775
147637.549457313,677665.058504695
145509.96447943,674161.53685554
145291.493291315,669102.094231488
145777.358135245,666311.293953664
146849.373651888,664450.627219408
150001.193688619,663935.257862165
151375.572199111,665054.613732133
163366.638997449,685694.675019602
168535.867612863,698010.235724313
166240.997182655,698330.975971991
163849.770783112,697176.781410303
154780.402487464,690599.150798181
NA,NA
449570.657335115,1204462.53367495
445794.9965148,1191456.33592403
451302.5795756,1180211.41180971
452675.803929057,1181520.20838722
453104.935704825,1183343.1809455
452954.231652626,1190330.43466181
452105.018138893,1196333.93994082
452310.060188097,1197294.23345828
454748.286477907,1197607.88891589
455175.502789839,1200736.64564835
454361.445156875,1204118.45381626
449570.657335115,1204462.53367495
NA,NA
442103.634671653,1178200.13600541
439286.500046171,1176134.41159131
438065.598984803,1183969.66578588
438333.645196366,1191788.21041271
434923.004583016,1191965.73609472
432182.968619768,1190732.86877404
427644.571232563,1183021.29771699
424663.204050501,1181618.39124727
423628.938657498,1179049.92932325
424899.88199214,1177595.42981389
430368.088471843,1176217.51516875
434632.771065077,1161146.96936114
428050.987067872,1156587.43338628
423500.845016635,1157213.46584099
418694.820504573,1155418.33618673
418911.664346773,1153162.52848567
419961.942327156,1150329.26761493
421535.314313898,1149484.32757061
426875.558298322,1149731.61294109
427851.578626563,1148711.02332965
427999.591118853,1145617.68871308
428870.49041157,1143329.41491938
432874.996392263,1145157.72459328
437658.473585681,1145078.55537379
439468.528961964,1141208.96316999
440334.559578749,1136894.68542702
439125.483190783,1128549.84942881
436125.814032573,1114183.78515986
439318.133679329,1110599.69634714
440185.642004575,1111528.0527511
442232.053519158,1120942.94063274
444752.164117929,1124910.04846703
445722.954444024,1136876.06137367
446460.205719437,1138038.29649153
447103.4211075,1143958.39944969
448119.288188331,1147272.93142673
451613.919627768,1166770.30940496
452242.735212291,1173784.86335232
448677.079420049,1170743.85988467
446485.369950405,1170726.06457444
442103.634671653,1178200.13600541
NA,NA
464254.672247042,1200653.52903482
464153.216987935,1204241.95451879
466807.320334654,1213685.0719004
466786.112520542,1214963.06297812
465248.756309522,1217083.44403363
464071.462303979,1217132.86053469
461865.232658262,1214189.1441566
460406.219200731,1215290.2345609
459088.279145704,1214658.97280496
458474.894938668,1213169.30861635
457993.644053287,1207422.69320808
458944.489966058,1202047.55477998
459680.557248013,1200917.38781302
464254.672247042,1200653.52903482
NA,NA
326824.777973497,1002692.09859096
321930.698108324,1004316.53728289
319760.883262889,1003316.95336413
319344.448052836,1000225.57828105
321188.072704714,995504.750816615
326165.793408526,988967.214994426
329441.054475383,988797.295680922
332772.280958892,990211.67800458
333155.485229722,990988.122953625
330113.683001427,992417.827797163
329532.343976618,993798.840492465
329277.689819757,997289.456797177
326824.777973497,1002692.09859096
NA,NA
246240.460245944,393656.33071829
236505.17213762,394210.785340415
229320.798712987,390810.138929055
229793.480295688,376758.689678967
234888.629114557,367216.534350191
238444.762253798,367279.808579801
241343.397679583,362300.503111783
247795.354076616,366347.563639199
253179.240518826,371261.833115157
261081.006234275,376172.796272482
263541.559633808,380716.505580799
256501.674213321,380597.573121368
253773.978790223,382751.841674783
246240.460245944,393656.33071829
NA,NA
369597.009118764,1046535.24443871
365711.53814772,1044915.40811501
362316.394663057,1038362.53659041
368776.69527363,1038434.35568824
375598.65532454,1042805.02951099
376919.26110468,1045749.34187451
369597.009118764,1046535.24443871
NA,NA
340304.853534767,993258.279647672
343666.355125717,985888.450962721
345745.183748194,983819.596719956
346303.764013834,984143.507974072
347335.759678595,990589.314087679
348339.600591784,993691.561826649
345767.070618232,994629.542094965
340304.853534767,993258.279647672
NA,NA
353083.031552396,1010813.99397969
349255.772525165,1011156.38339623
342962.100702346,1013588.62984153
338594.129917617,1013590.88338667
339400.476027846,1016324.30767241
341595.038684638,1019411.66527379
341671.050556047,1021455.23668602
339883.643107115,1024044.32810653
333919.552781269,1028297.84070315
328665.97319788,1029240.93593668
325103.697637905,1027846.24359325
322868.434928531,1020559.30347567
322369.323858895,1015418.90077042
322678.696721947,1011844.85138394
323531.083918836,1010103.71032834
325092.124433123,1009648.71703076
328735.920713653,1013174.16390145
329251.030590095,1012044.3011609
329192.171644486,1008243.91911752
329691.701089035,1006369.37039475
330963.001303808,1004845.33873828
332918.772734174,1004120.05729154
342843.956576281,1006216.46318003
350316.124986475,1000674.79138629
352483.950494558,1000951.91940866
354415.46326283,1002451.08403569
356238.345762496,1007872.96359215
353083.031552396,1010813.99397969
NA,NA
154949.992494298,1340084.95659978
148469.227578857,1344312.75330925
145862.066215903,1345440.01213939
143570.375870183,1345098.85924835
144353.660120853,1340918.15678866
145477.840547533,1338432.00892302
149206.072585959,1335311.93536813
153781.28052498,1329761.37829212
155221.577218057,1329619.81272927
156551.395841782,1333732.44586033
156577.247725953,1336049.94995455
154949.992494298,1340084.95659978
NA,NA
149829.103519954,1299565.66564627
148161.34468319,1304205.83029883
148461.398478527,1307999.08163729
147016.221107129,1309654.92359132
141255.429259071,1312140.68002722
140205.696309451,1315353.37839368
138703.549613437,1315860.25763965
138735.720538535,1312347.30510441
140342.802044427,1304604.67277397
145912.657148451,1294966.00870432
149226.049077552,1290860.69888241
150442.632588842,1290396.45865693
149632.339337289,1293843.93580415
149829.103519954,1299565.66564627
NA,NA
119273.264307879,1366675.99280283
125486.611680243,1362958.19479459
129373.648992287,1361961.88143445
132700.386961938,1362456.304916
135623.537292684,1365180.76826143
134197.757294125,1368345.61092313
129868.877565361,1373026.5815891
127456.547482827,1374553.92731105
122065.825712224,1373590.92557181
117616.252670061,1374141.70064784
119273.264307879,1366675.99280283
NA,NA
138493.356891808,1367277.99758241
148153.087549739,1353512.36599308
152364.16857415,1350298.41653652
153031.968331466,1351668.86902001
152817.797528239,1354615.50068675
149016.734499376,1364961.0309234
147669.957767304,1366737.40211706
147721.086817516,1369403.13116659
148775.372754224,1371540.76517874
151551.041829751,1370483.27574766
155022.78145814,1366075.39848884
157134.249733561,1365840.89506108
159494.17268802,1380680.0920849
150852.987422634,1385568.68631654
143252.226569667,1391766.86850583
131935.588707278,1389225.41075504
138493.356891808,1367277.99758241
NA,NA
345169.829983582,1043493.04216097
350963.047063481,1040346.61016103
351417.365280404,1033173.5016488
353482.167865906,1030858.3320116
358420.891928928,1033569.00433043
359001.498239882,1037206.02432309
358397.152006443,1038022.83571046
353600.737914604,1039644.56316935
351011.668646795,1044968.31711138
344617.827493349,1051604.05933325
340801.463850121,1050182.6606617
340225.573611855,1049082.28546417
342365.864261297,1045438.03883326
345169.829983582,1043493.04216097
NA,NA
168372.78547322,1375433.98986181
171403.973199157,1383284.92976552
168186.815894054,1387221.75855387
164464.402590494,1394608.66040449
163987.621123865,1385976.34536316
163182.298503051,1380041.23346034
163830.260400999,1377883.71393491
164779.065068365,1376949.49911829
168372.78547322,1375433.98986181
NA,NA
111951.974086072,892224.851237912
115351.005683351,892096.534046685
122713.34190793,900907.425150093
129165.66617467,903851.540182204
138791.239006863,912135.783437919
140279.441527588,914279.327782189
140475.584168347,918121.429440683
138639.804526181,920030.351482955
131695.492119053,920602.934465765
140012.803380553,925420.065391908
142897.697426687,930100.705989556
145850.626880755,930389.580642455
154528.922046325,949312.771777264
155287.540894811,957284.243374587
154193.04916594,963338.544161254
153243.002478236,964973.954754925
149651.599122968,963392.416770205
134488.9441921,952836.460006427
122438.778841938,946796.913687781
120280.617945071,944702.179307039
119480.898269672,942789.627776718
122497.361231601,932931.153463827
122330.485067012,932031.881560872
117344.224805392,933132.843355251
112896.022337441,931942.230070083
109464.940824677,936116.466470755
105890.597393408,937614.615562551
104878.330983213,936975.283219453
103737.410853046,934741.272044577
101207.946403424,932765.045693706
100230.633326868,927932.243073914
100288.964361188,923130.245066472
100832.89187925,921260.780758488
103054.220228244,920346.213388751
104165.680311272,918304.019466414
105991.761037288,917688.18598515
101795.988981846,914366.21890593
101367.2942331,912744.729121484
104352.267349413,909362.130575045
112187.269664846,904090.783009841
112545.68846503,903022.874265752
107138.849559214,900076.42836976
106204.657164946,896931.015951806
98224.9459811727,891810.764446958
101963.80888788,885719.224793495
103654.143668551,884279.072103578
105209.823927157,884170.108654405
108166.592443765,886562.355427287
111951.974086072,892224.851237912
NA,NA
131057.702666967,800603.339833109
133706.574512917,795182.187055465
135845.40412517,793191.889378227
138106.179211568,792770.476035879
139999.864561331,794090.279029063
141266.66528291,796305.676751571
141390.831229127,799006.842686191
140515.604008661,801503.546625656
137974.395681066,803800.633681731
131057.702666967,800603.339833109
NA,NA
136880.432027797,824743.31636236
139026.378454039,820697.693474486
142315.000684643,818462.358988329
148541.630285615,817831.460767275
156419.542937926,819487.76614354
156625.766021574,802817.871136104
158239.922723541,801884.00735265
160562.205865699,801830.554167888
162813.797230218,803651.202278184
170505.096013038,812575.542985871
176817.020290395,818018.723389646
178650.359988637,821095.07671104
178575.38573295,823975.069863125
176651.65644555,825893.26363756
166114.767162216,825843.580654796
154960.030072755,828762.246384144
153529.044553252,830875.38709791
151077.536436628,832424.410053922
151027.303908228,836825.61255111
150024.164420501,843045.60221355
151435.038702131,848758.224473207
151820.195822823,853667.087389634
151091.992584408,862677.464500772
146722.443809259,870307.345985053
143350.079912951,872837.202496116
140232.332221494,872458.895321248
138533.514283119,865481.064602386
124003.88491241,861909.215999494
124018.872764273,860795.64726913
125677.343647703,857100.105465346
125604.86963368,855594.420663786
124113.144621972,853857.714462406
121801.001277331,853115.586242745
118265.291018584,854826.504816316
115073.380636877,850936.461937189
114441.014783076,849131.686233207
115396.696728601,845721.068853885
118968.652142187,839937.194026581
132709.659503981,835061.200098206
136880.432027797,824743.31636236
NA,NA
89861.4634131705,877825.261835825
85734.2835359373,875295.479698362
82587.4734633395,876175.332742546
78436.1872559625,874500.510302089
75667.6942941045,875972.705344863
73829.9277647618,875689.584366787
71949.9887541494,874029.011060673
70798.5651209513,871834.516402455
70724.9062329661,870284.049927792
81712.6971060038,861776.316612591
89953.6563273231,861088.071039535
96104.7735981737,871056.749067089
89861.4634131705,877825.261835825
NA,NA
81854.127064648,844988.776439781
74980.1193146562,845242.006954304
74459.5380783462,836045.008342193
72923.8622322054,828435.966454392
72982.7470434345,824270.685038894
74518.6759689362,817274.759455364
76442.514451411,815386.906937724
79743.5143778046,814528.280171098
82342.1220080995,814949.241361074
82575.4607362243,816164.857569913
83506.6629130596,843528.101360821
81854.127064648,844988.776439781
NA,NA
-132854.770260904,487302.157843602
-135402.460157649,488914.999886254
-141444.065083038,485208.000570885
-128366.885857891,481671.005036205
-126524.582924739,477027.183899037
-122127.800077242,472518.254409319
-121479.883411006,475676.089622529
-121077.035428966,483941.203504872
-123502.17652588,486015.489276915
-132854.770260904,487302.157843602
NA,NA
64854.3800013945,804196.341058272
63329.4677642225,800470.261892602
63553.0239220851,799037.688934714
65460.579199775,797982.088783767
70918.5770950227,799084.456935533
72166.9926733592,800989.100961972
71845.432054129,802909.138022865
69053.5929549339,805217.512823533
64854.3800013945,804196.341058272
NA,NA
1150600.30290707,638580.850974942
1150135.05199032,637463.357947983
1155267.72713534,620844.373252111
1161661.24537201,620876.422777666
1165511.25692709,618792.78135558
1168131.48022257,619899.413948543
NA,NA
1166081.27940813,631684.08186311
1165976.81267131,631843.772007358
1153918.27191299,637922.555311825
1150600.30290707,638580.850974942
NA,NA
1066473.10158058,623478.979430511
1063477.15012985,623408.223706672
1059001.04386727,605720.358277309
1060615.58086363,589989.069826692
1061763.50748711,592407.081945939
1063297.64340475,599495.245241696
1079163.20853168,603904.998851013
1080566.03339086,607105.31184114
1064507.97419059,605586.716160671
1063464.24513866,608772.372551005
1063745.18751047,615250.147632046
1064141.34248304,618530.463651961
1066473.10158058,623478.979430511
NA,NA
447389.345926114,-427723.033692901
447389.100038488,-429659.990043832
449007.18240518,-436901.416287321
455929.24045481,-444682.797032852
461191.698467667,-453580.031150347
463830.593360906,-443836.047925654
455452.862795257,-432956.785849118
447389.345926114,-427723.033692901
NA,NA
448552.972388459,97325.400553231
443439.156972391,92838.5787012975
434298.472025136,89409.6055692359
430950.574698421,85251.2098446829
434347.009161629,85679.5602150792
449203.46760387,76762.1430929729
453084.803947732,76832.4533489193
456991.921908814,78029.9620197395
458406.251762978,79826.5968457772
460226.960785779,84348.8577808595
466101.425290509,88258.9102823334
460487.868975355,93138.1666463936
448552.972388459,97325.400553231
NA,NA
851177.872516782,376154.254183828
849705.293463639,369823.886422051
851053.401920317,368112.996779619
855303.274683756,366294.382054573
861176.32714728,374800.642309591
859988.213731655,387303.155864622
851177.872516782,376154.254183828
NA,NA
1269333.10209042,-925648.623512009
1267082.63452095,-923631.675259756
1262939.64703583,-926693.849905304
1260184.77574807,-934672.431488349
1259082.89485419,-938619.799407261
1263094.14719498,-938519.509393841
1265295.58041632,-933101.338370202
1267763.07795138,-930222.769586062
1269333.10209042,-925648.623512009
NA,NA
916913.760589773,-1073849.18585078
899440.997337966,-1076368.52991884
898951.832966374,-1079364.517926
899076.804194017,-1083425.93535171
NA,NA
933865.909217615,-1081057.04323134
931466.772121927,-1077611.01882635
916913.760589773,-1073849.18585078
NA,NA
810713.485581085,221291.188927939
799613.24050473,221175.918831493
793516.404451113,218822.275900577
793722.182989905,216628.025809907
796264.013740605,213285.512173709
802146.615638821,215515.39725222
811862.551931785,208815.968461021
820242.076692628,211938.04272935
819549.314861168,213971.933063873
817951.698221476,215788.581518229
810713.485581085,221291.188927939
NA,NA
1075143.21798475,591398.414135647
1072517.0426587,590675.281855258
1069597.75672582,588114.274955546
1068898.33443192,585230.587151402
1072704.37781514,583194.549061187
1078849.19358893,583797.993102411
1080932.87516266,586889.965137881
1079399.54360879,590735.425479393
1075143.21798475,591398.414135647
NA,NA
978438.187760448,450019.840149176
973037.567733569,447122.306476842
971651.34050155,443974.156941743
977720.797341817,445094.199384275
981488.834940843,450399.105334443
978438.187760448,450019.840149176
NA,NA
768490.915722526,1276239.62981188
766680.236370672,1274296.27396523
766426.349143206,1263555.44984962
770373.300565085,1262758.89020615
774984.718858305,1264667.3550301
775010.007339701,1271815.21466096
771307.219487721,1277156.84340235
768490.915722526,1276239.62981188
NA,NA
904354.022032157,1535582.28539169
905739.515762723,1539064.13355849
904356.643837999,1546194.03966808
900570.000206875,1550055.81264784
894259.903589977,1546684.13529696
888230.983133158,1541686.75818528
889284.651322841,1538586.44773414
893461.460171217,1535534.97813974
899502.406713815,1534736.2394453
904354.022032157,1535582.28539169
NA,NA
916591.665412005,1574890.02599879
931369.893869512,1581494.69569921
932329.638419934,1584212.39945565
931195.020446408,1589175.22329182
928398.759680006,1592463.73948096
926938.477588459,1591838.39780046
926249.045958873,1588658.92129428
914454.826824725,1581867.51719218
907231.854299858,1575621.41068692
911016.862093337,1573706.29114287
916591.665412005,1574890.02599879
NA,NA
784743.482736815,1171308.79680062
787565.867876858,1166496.82352189
792759.823646074,1166045.3744521
791159.47700355,1179205.7910792
788226.847931246,1188024.93186819
784209.4306635,1194674.17978178
782435.347293498,1193948.46495965
781360.115878941,1189884.51243734
783329.888353058,1182138.1517183
783739.46162748,1174467.73524751
784743.482736815,1171308.79680062
NA,NA
982960.017691706,1632360.23689342
981865.847512655,1622231.12376272
979570.607843086,1614517.49472382
973079.927560117,1607276.10736921
969976.911702649,1598728.79177017
969458.994595386,1588546.87834526
971343.944393282,1585799.52451141
974028.257279855,1588383.24640158
979364.368619085,1589625.02512016
984242.240577673,1581088.89185147
988035.739786332,1577215.86918392
990698.737416425,1571518.63629302
994538.327693541,1571647.04593222
NA,NA
997119.306375043,1558073.58543306
996047.521208619,1558121.97008704
992181.198876279,1566910.84950596
989718.534592056,1567947.28667427
986142.5009416,1570933.25818393
977448.518160942,1580738.34448003
973120.576957406,1578233.48194636
969606.538227471,1574873.88441604
960246.064990705,1571437.30258178
954179.963121512,1557743.85189775
950558.288839048,1557572.77087997
949435.953759136,1561573.056509
952201.737501445,1569539.67825911
950576.685352038,1572363.96105412
935190.06136483,1575617.83465669
927355.318520586,1571642.31993021
922970.04890461,1568475.15277639
915425.926161725,1559738.07633188
914238.73620099,1555439.16293934
916479.485335091,1549732.86012259
921488.987493412,1548167.95806546
927064.301717627,1549316.7976662
930029.499412821,1545955.56980069
930680.015258269,1540423.71186817
928469.76036986,1536771.36836647
913634.215675165,1531295.62943325
910197.99660803,1525075.19162077
910204.736170675,1516586.04933339
915464.546674625,1508447.11968664
921355.850916051,1504871.76160185
937881.19450654,1489279.87030656
939216.169909591,1485611.36771826
921323.134492534,1496184.33327986
915798.363456547,1498688.11009448
908576.790565185,1508340.53041587
896181.762398285,1508864.59562086
890114.633559766,1506919.77207039
885934.935763048,1506884.53453354
881971.054415801,1505193.22077951
874059.483482676,1495405.18989071
855969.977824564,1485388.06268469
852963.660353295,1481897.37652328
852777.428717604,1478743.21057873
847095.134555483,1465203.74092881
845777.035350913,1457250.91292593
848366.832453392,1455354.15488455
860373.334357269,1460191.84677544
864368.941828486,1463375.53972204
871017.844685184,1464369.00170242
880108.083407609,1461114.40868121
911389.374723256,1472603.88986837
914607.353983479,1468652.96710288
900056.294584528,1465157.91433443
887358.86369847,1457705.40343015
886769.005877901,1454616.58870973
887820.698468011,1450796.08465603
896546.927783631,1449315.77685653
894991.522288451,1446641.27497171
891020.689562937,1444256.818411
887112.645646698,1443067.78189366
875540.945457355,1448085.72223672
858718.213459145,1448447.58476454
847520.406285831,1448154.03307172
841335.777368225,1445444.32784183
832384.820049854,1442943.18821518
827950.16917574,1442526.99524745
824255.303323282,1438974.37613074
823359.466969308,1431663.3728782
820164.543325721,1427033.80263312
818286.225914661,1422827.82860519
819750.404226965,1418545.57048556
826076.306710755,1420348.18661883
835646.122017137,1425174.21030274
847409.177742766,1428996.99775388
844367.770246933,1423540.51772003
842555.209496001,1421492.9436557
824267.421279957,1412965.05638052
817852.461227265,1411794.46231365
814510.169326383,1414309.34327837
811721.266688672,1417499.71068616
807926.219923383,1418030.02787342
802592.048239744,1413852.57159969
798649.551116626,1412728.87302788
790018.860572164,1404059.92358866
788415.124754713,1395807.00626484
785618.674813619,1391917.29540699
782976.27163463,1385360.86200914
779635.461685722,1385227.91800429
776456.418998815,1388773.9175915
771744.14956759,1385018.59628619
770948.677729937,1369970.36805774
775092.846070164,1362605.03915664
780964.18085704,1360859.25014599
791606.379836625,1363198.34988958
801899.613296418,1361853.53763679
827259.637943692,1357031.99883794
841133.91209653,1358643.77073784
855579.105212068,1364615.8591382
858367.510170566,1363049.89829506
845470.751868195,1354305.36094374
822116.245674453,1349081.90548995
809910.538667572,1352042.08128008
791827.507535117,1357754.22460474
773743.895258521,1354419.23055176
766656.450331646,1355334.15524374
764042.236810727,1352570.36253678
763824.13716315,1344831.93579682
765915.987081693,1333959.80743057
770326.1930303,1327085.44109705
776051.55733749,1324896.63950069
780593.064708462,1316773.6809423
786362.557408982,1313111.9769008
790374.931939033,1311370.34782933
786486.028799508,1307560.29922465
781909.257503744,1307237.72102651
773180.900540956,1303642.60172472
773168.897366519,1297366.70560212
776381.759319252,1283448.51465408
781691.44516475,1276949.68371825
794346.044138261,1269449.50866378
801218.031021199,1269565.98590263
811119.54792362,1275801.01054822
834188.246622914,1280804.92938069
850769.020123884,1279147.21449836
856310.071374977,1282198.50189264
857700.500213098,1292511.43430189
860070.084262362,1297907.10297699
861606.208197669,1296944.91267623
861511.409685051,1291277.0844434
864340.34054917,1289117.40501674
871915.541541581,1288309.30228545
880289.131080126,1286090.49974286
892549.340100329,1288414.02507091
897785.426414396,1290850.6792081
898445.626649188,1294632.32835154
896170.421210295,1302242.4551633
897686.937061675,1312403.4464389
902588.776925442,1320182.62768688
903364.85171212,1318559.12264004
899646.610539106,1304621.85457535
903954.657679497,1296392.07000213
914838.241103193,1296676.51759009
912211.017589488,1292515.32882896
886573.889592767,1279136.35182383
888094.132543934,1270789.60898798
890529.396149429,1265605.15131499
888623.845034492,1263830.48743308
884866.999814281,1267957.38256132
883465.589410872,1274734.74889857
879082.13623501,1279339.8280332
871751.76722115,1282882.59623833
862843.092000863,1281078.8202951
853326.807494973,1273892.00655957
846648.211929606,1272659.62154625
829594.74067214,1274617.92225824
804707.483379729,1264772.04309489
793149.479944841,1262455.42001095
787922.722117518,1262609.04819547
782490.065620364,1263991.98210599
778219.592712221,1259808.52861978
780301.308318925,1248579.59228582
780477.648658898,1239891.09203996
784362.590398771,1223359.89997427
788852.369820385,1215817.40757807
796653.755465026,1209218.72941062
807148.662883653,1215760.22895521
813895.063222163,1225181.89522376
817182.837900318,1224857.5441455
812457.519524302,1217180.84877604
793540.840447974,1199359.70261424
792314.761785793,1194824.52366866
796529.906738247,1179882.91365328
803421.1860045,1169114.00536957
811328.865016741,1164203.31065472
819920.728502029,1165677.49743982
824607.997955135,1165727.30571099
826720.069961282,1162500.6113497
816653.45421851,1155396.01655807
810147.999861757,1154314.75409614
803756.804485291,1155763.35032654
800427.416638405,1155561.42346692
799206.946434028,1150686.75242531
802524.805694367,1143534.82994449
801590.192628818,1135386.09108343
798688.041933469,1126833.74455768
799105.192495459,1115430.91998601
800196.552350011,1108380.68248907
802512.248712157,1105375.3992407
804730.346112159,1106005.14308459
806848.900529378,1111794.32342013
808277.85217529,1113968.49364211
812674.029085079,1120107.79991387
819743.632844961,1128257.73011862
822187.630455535,1137768.54878263
828757.281110286,1150019.05864939
834208.428317414,1152483.70844526
837824.852000472,1157839.0670796
838291.085595485,1166959.28875609
841032.289626659,1173467.94061303
847285.644317008,1183746.71029595
849348.1268536,1190314.63303817
858950.589634942,1199723.91483309
882884.134463665,1212065.662696
893050.497129526,1214712.10005732
891052.514332023,1210633.00299333
882528.81347445,1206756.76820536
879385.744495235,1202285.97168809
876903.318049782,1196217.96575494
872639.810419755,1171518.89913911
871738.565574469,1178236.91577449
872212.018726694,1194851.97562191
868486.606588287,1199655.76213706
859981.171558267,1192412.96661164
850197.65162743,1177735.21107025
849185.788641102,1169919.22107207
850005.271934525,1166301.65503969
848351.297479032,1160632.4533854
844987.169767377,1154372.07049429
834737.518267053,1139796.10990217
832427.165799335,1133936.9018885
834988.460061516,1128036.70025367
839100.303709184,1127035.99422012
846265.569558814,1129976.07603665
851400.858604297,1130870.02855331
859695.098589529,1133718.77035603
860142.258248479,1132263.64557116
848543.934163971,1122548.09626096
841763.710024123,1120530.0562043
837394.519386497,1111800.6964844
826258.356894552,1113391.34697459
823131.177456102,1116006.37570594
819925.162394731,1115641.86057763
816775.478782022,1108848.75743783
811401.065323452,1106769.81764581
808831.987403459,1097699.61036916
806949.441806435,1085074.27989719
806645.1081535,1059541.94036745
809777.18949064,1052706.15845484
820499.952453638,1054307.86144132
826027.493928666,1059131.29559097
830409.375473854,1069445.4486246
835455.648962999,1072164.67916767
838640.509611511,1074734.61603725
845538.492400579,1078201.70210673
854463.958697969,1086128.90331125
861411.805492507,1095437.22559668
867546.24157515,1101249.7782896
874228.282784563,1105073.06269232
875066.531579596,1103618.80844006
869477.494100994,1098233.7452454
864393.716272,1090005.22774486
856969.64897053,1081227.39410111
852298.959026091,1072892.98680983
852338.668670098,1065579.39226542
854751.446302667,1060488.54709999
854297.358369978,1054735.17212016
851398.141917569,1050173.01358356
851891.651892242,1046021.42886878
860164.076638369,1038826.63070917
865362.121079198,1035437.50947446
877158.628586099,1044153.11904399
879785.937402019,1042735.84343014
872032.056490606,1035438.09683289
868580.704007726,1027136.549109
866443.035326374,1026381.23721181
851225.495770297,1034585.83148934
836681.496179195,1038896.08542641
833917.197109359,1034346.06300511
833934.301503825,1017214.28065923
834839.775085794,1006518.10469727
840137.898313501,995200.218961901
848370.579475468,985270.778869849
865222.48972162,976986.445085149
870528.311329068,971193.622942246
891485.276276936,961713.172796932
897586.17052212,961521.262674747
904847.687062455,963236.405015701
907368.429284173,963149.685449274
908770.820462757,960070.336470521
909829.952666576,959107.94640109
905441.098834308,953173.456324351
903224.154305757,946929.440296342
905673.115880695,944301.518530102
914356.756382964,942157.755825973
916239.788724888,943894.335757084
915756.528003568,949540.844164206
917290.798351132,952256.267282863
921691.684426283,952408.510752405
923871.563579299,951812.350872283
923202.126619396,949230.513303053
923176.033582564,947147.055911687
924417.003823559,943729.718339356
931059.479033787,939400.435985453
941820.220484473,943505.334940028
958187.223610271,942772.991210285
981271.090480143,952778.117268051
989632.302904198,961630.409093112
997189.223666719,962553.088261487
1004375.62118864,972611.41740538
1015242.60164995,982928.150877462
1034017.0796654,1016485.7615476
1046461.30399242,1030477.0387488
1046671.54596302,1034696.980491
1048741.88966833,1038129.71600486
1053414.78676131,1039896.75555038
1056487.24744945,1047023.97688053
1050607.43081817,1051825.65236741
1062916.81708586,1062610.24492199
1066504.83131631,1064722.22995059
1068207.08943482,1067881.55450216
1069682.96626761,1072523.61185462
1064629.83486877,1078247.13335191
1059793.60705325,1082485.82642857
1064113.40775172,1083823.82885182
1075259.98321491,1075489.50513272
1079026.28714738,1068365.83806128
1085492.43795735,1070639.2802204
1087395.12085893,1073242.7377106
NA,NA
1175756.76043407,575932.418158739
1167452.17689596,573635.889986869
1171324.4838751,579098.061969477
1174241.41494947,584687.100942909
NA,NA
1171648.7485949,599645.898765824
1167863.68433279,603937.19320463
1163127.63869084,607935.209617577
1153282.71911592,609271.799765789
1148422.70372164,622215.086186957
1149398.03409446,626892.382759866
1145991.44261317,629965.504436229
1142852.55059555,632008.97498048
1137887.5310178,633186.798999132
1130376.85216591,631822.096263125
1132203.30042227,640837.045788985
1139319.10008414,652083.785000059
1139915.21994762,659192.495840698
1136529.83565213,667395.99860629
1134300.14590958,674963.111613069
1130647.88898439,683393.386797597
1133849.38553329,691237.687071001
1139885.99428632,698031.402395345
1141389.41136005,703159.130193976
1145837.75766975,710366.030106118
1151528.10673149,714544.001437108
1151569.01155901,714668.035882497
NA,NA
1150702.7427258,719597.945456554
1147723.75847692,722698.622220622
1143527.52312116,725347.644534443
1148960.70084197,729503.952527217
NA,NA
1115347.93378926,918649.94165173
1113205.86578238,917744.586883643
1106483.6883942,904884.772210552
1095654.27900924,875039.140535876
1089520.76379113,867384.313124759
1081954.55780757,862951.626215942
1066036.3073482,861319.952191298
1061075.7848563,859962.122481664
1053344.13081503,854119.530215453
1041720.13712243,852410.839476029
1032368.3734639,836590.032503785
1025958.55865842,820662.250180718
1025502.24274351,816405.828526177
1026648.5978911,809641.664654166
1032119.53450002,805733.601223737
1040330.69255707,801611.446533605
1047741.94016277,807954.563095071
1057744.29489241,811219.675444655
1061191.38454537,830126.882954877
1065931.23806181,845503.943774317
1072520.56484464,849707.260329786
1081803.76706662,847623.219478085
1082808.07329542,824715.057079743
1083955.05195685,812792.616223674
1079661.90376635,817618.652673095
1074432.39206969,821684.319999134
1070375.63324169,818863.021299803
1064624.97091761,813426.997954881
1057280.09174029,800059.037600038
1057631.55645853,790693.881451817
1055644.03368161,784871.728120602
1051401.42625597,786341.714398406
1047271.9609326,790884.559424786
1042313.60304103,790697.145039869
1029751.26434193,794578.635976479
1026697.43583081,794271.878759429
1022749.72085907,792414.289332976
1025377.086509,760500.401396228
1027837.15231451,740366.708100761
1035433.37269795,723684.517795786
1035467.76948515,714506.999629515
1037334.09521554,680708.050376025
1052178.79705703,672797.075900084
1070736.93943158,665202.375602661
1074482.83681454,655629.752277765
1078624.92514013,636690.633074903
1072851.80061231,633380.67918502
1078503.44527273,624203.590742386
1080990.45596567,617835.816971096
1085632.4805069,596572.38921599
1094142.56179924,587028.362198845
1101760.47820551,576660.999171978
1107628.68217495,571280.653747684
1108516.02950492,563401.464474538
1101429.11835914,557755.013635504
1090124.24205256,552626.882188682
1089424.22286552,547572.268367765
1091657.62676634,541234.972277746
1097550.03835918,542165.898515594
1100114.21885744,544580.150849509
1104950.88190214,543803.936567232
1109185.08614566,540071.771392477
1113480.9001438,511224.367366199
1115185.52699623,507528.61605666
1119628.59524275,503791.15313414
1126044.67079833,501934.167082041
1135803.76756971,502385.372490416
1142622.17828481,499842.861850999
1168237.71559097,474637.418821566
1179126.22244345,471276.859983428
1171628.0964592,471272.900313529
1165213.94620334,474170.730987438
1144089.39146914,494899.585911987
1135719.51146791,498373.117501545
1115938.72822965,492956.393543648
1097032.78619612,494507.130739402
1094806.68282126,490036.586086207
1092671.634692,483222.375926155
1093044.62550805,470790.670248641
1097050.29930874,458504.304461753
1096879.25782992,440074.291963715
1094732.83532956,453345.859520351
1091393.93855903,457075.772599836
1082763.89063855,461965.943524802
1080993.00734725,459210.619508117
1080684.9902193,450916.861116678
1079514.32450322,443299.092878429
1076783.34892078,441446.219549302
1070121.4480964,444472.250922413
1072784.03401247,453414.30557275
1060057.07680205,468238.68214789
1034971.57063618,465478.65832132
1012588.95483395,460678.854901142
1007792.0721162,457028.066982981
1002648.57232613,445366.462983137
1001612.44345612,436293.193847713
1001668.12323199,424830.692202613
1008912.33665434,420254.858283008
1012555.42206698,415691.745060556
1003045.42682603,416530.019748259
996704.636616239,418732.062245243
992333.082883936,423596.89604609
985048.042674728,430090.466434027
968415.691820999,427273.796282692
954733.868285135,423503.468037231
935552.874229587,420359.990180754
923438.340169425,415417.005137087
902031.504165131,401139.408903972
896942.421993583,394472.57594625
892455.213668793,380815.72221794
874092.779951866,363727.810502891
863039.047549497,356787.922264359
859543.451987933,358684.452462104
854688.907665907,359682.883139145
851650.258981432,351645.932744116
849986.837392134,344506.305784936
845894.911007115,303009.303650144
841847.089612454,287707.668059073
835697.295803838,274583.343905765
825581.828460646,258277.926715396
820749.370803307,252600.043514941
817702.893684239,250349.503976518
814284.623753859,242641.837808682
811777.111436737,233495.023578067
809912.376505942,229175.640934513
824125.634984249,214961.87657747
826114.994881487,210716.531383704
828034.264550343,208290.060828555
815868.321042474,205655.589190213
821518.715684639,201121.931493959
828398.041259284,198139.140379855
832969.761253462,196807.628913692
835687.906639388,193429.722834622
831087.321813489,191364.623620401
826623.615162684,190883.222513272
807846.888698345,202582.31686337
797820.312119288,204222.311251083
784364.98210722,202405.024921034
781076.643355505,200764.594812799
777865.920635042,196513.837300442
783283.968970087,190821.777546021
788164.421242813,187586.508262627
795600.930079389,187713.402490717
804866.775159285,183913.698076814
817386.388380992,188711.036443823
826960.861755045,184843.532286133
833168.644516581,183686.655970238
825440.888107803,180144.736950895
818130.367942938,183486.534371915
809631.720471532,178159.532805428
797895.880280028,178865.94042791
788803.833913534,181546.090286781
777478.04184757,180032.568593828
772346.044332842,177887.12374508
763867.951829988,174362.016788833
746075.436828196,163501.915406783
716883.501734431,142832.854268648
711546.980624685,139092.026550716
674654.126214457,128535.53824168
664806.569386005,121899.649699368
658385.768061618,115927.460623614
654333.600691021,108425.842930024
652647.772670971,99405.0016734013
653048.679114849,49810.3999581318
656207.207514404,45310.8981623157
653161.290851329,42771.24668143
650844.775469665,39805.5909434968
643815.159558177,26495.9995202905
632685.823076516,15944.7869666067
610039.893228624,5207.8011524421
588119.144203124,-864.688224577636
557773.228476462,-19631.602036898
553755.052411934,-31035.8856811859
552650.495986079,-35967.0144836875
554252.540337378,-41381.4488851928
565135.422837125,-46088.3210855155
576809.905904498,-44619.9782739799
575278.363358661,-47429.5274890772
555077.208450493,-53254.9505063103
544598.688952241,-61472.0236670143
533624.274203617,-65470.4449252718
507512.350057943,-59618.9701160674
489737.7487648,-59362.762597416
475628.103459126,-55856.1252879338
462616.909955531,-56606.4314499584
458452.937503675,-50322.06092887
455692.069165717,-44786.0220204908
453214.363530866,-33317.2682500078
453579.756184703,-24203.4803560931
445829.291962661,-21261.205956624
429809.810926734,-25775.5946694886
421368.710098832,-24338.5912691213
410451.666684108,-24055.5274860845
409094.623278071,-29883.0286133021
409485.926147862,-33915.9215471702
413608.175345693,-45578.9378033629
422603.93635086,-65222.5576422883
430465.526534594,-77502.0858049644
432001.990431618,-121614.705962837
438325.882579392,-133571.243563121
446019.990462963,-138518.348929389
441523.024542374,-139796.303708921
413011.796422094,-141144.373361956
410995.943278137,-136887.783932524
407033.830305379,-133751.333161498
402074.132886934,-140648.601876952
399821.770645749,-146543.500138563
394243.45705997,-139544.032290565
367229.858687416,-139087.255370172
348987.191449468,-151343.434817759
341639.709244607,-144128.502429463
326408.679240736,-122870.132753621
309736.193555598,-117049.764062434
292063.457281983,-119836.111280772
286486.50060267,-124981.667463961
273944.568172231,-130849.291894479
263539.129721202,-132359.652899396
248623.377262023,-130553.721483795
213554.846030159,-139238.232974714
199269.695367857,-147657.763977123
195828.371768478,-157510.97552109
196700.25159305,-162019.905757799
198672.202845669,-167306.724145103
208625.112345212,-168276.131072509
213117.131637378,-166779.758235464
222849.022764684,-167613.691778763
224941.58313491,-168890.052180193
229549.829845076,-170105.906660649
233880.164743877,-175063.077517807
221837.030253306,-175877.115575844
214844.81234154,-174963.755188919
212453.485914641,-173722.738182526
208933.554721599,-175794.958436723
211208.519644154,-180662.699725855
213530.837919851,-182656.946713705
219250.894226689,-184150.456051138
226901.126403417,-189727.433745921
223162.131994318,-194192.06520474
213033.030883638,-197439.028600544
204295.951384911,-198363.996322544
200422.706450658,-203381.002395268
218870.662445675,-211842.582766876
222504.347306772,-222135.094829095
227032.384440475,-228339.605612362
233403.736100352,-230004.02000897
245175.303025936,-226079.007686242
257848.41330377,-227550.583015414
287081.564550612,-237582.464081761
291781.167715691,-242351.661795532
295404.003573311,-241375.818605514
300436.738919837,-242251.505422541
305179.734264045,-245468.484488366
308431.316897566,-244516.460395778
313140.278835531,-244529.12229964
320128.855374662,-252782.066725139
327625.944976674,-255132.597956565
335511.787323446,-253738.16808172
340947.79267877,-252563.870853691
344987.791809226,-255241.148571636
340127.958888763,-262368.095209101
342093.959962917,-264987.588514514
349966.096594887,-263692.738727494
358387.758436167,-263661.214915365
363747.171573383,-265411.915766763
367865.88784335,-269962.074104945
364161.599311831,-276382.191191819
360085.92500065,-279839.857934136
362066.849261025,-287580.76007682
367246.468927712,-289956.264083595
373395.025667918,-291343.990485035
401955.098171366,-287855.277251829
419590.830798687,-298350.887105491
413624.697924448,-297325.647344171
406016.758813657,-293414.795582647
398008.247990523,-291979.347225734
391901.577733431,-293156.984943009
388845.724924802,-297487.711125024
385157.724371055,-304257.179486541
389206.519220262,-308335.821368522
393878.660497717,-309975.912005737
398659.224537485,-318199.882031718
393220.627024995,-331213.596298167
393046.041048311,-337377.499321924
395564.686417793,-343462.596030125
406102.846416398,-357406.179144978
416471.130586416,-376274.508704479
446839.949935647,-394423.753767781
452993.812841727,-396950.8048891
458690.704249942,-397164.618077254
465829.351659886,-398551.515846632
466998.567734288,-405061.082547879
466721.454456452,-410381.713521095
469538.312113761,-441408.96449821
472669.678406338,-454671.861232945
474618.3223538,-458316.659964556
475420.091955286,-461817.51445079
468959.166163426,-458843.09496366
461522.589132556,-458655.137432504
462671.411645973,-464915.654481111
464729.849469924,-468063.178674519
487487.636283526,-484204.761959202
494623.417910388,-491898.416994093
499277.268089436,-501094.415459277
507029.977415613,-533686.998230087
511735.693012311,-537919.943213974
514497.583407098,-543514.127345902
507671.727990534,-538461.871749869
503089.412890451,-533388.43404112
496770.627904334,-508941.280176167
491986.207719712,-501644.440158432
482837.127432179,-493280.02199066
471853.090095553,-485043.436136664
466761.256460989,-506187.991768774
463830.411434201,-526345.466486102
459928.132371261,-581352.192308471
461881.05236297,-579120.610429531
463416.34191753,-574679.280451419
467135.317532283,-570470.111626351
473237.658235422,-578643.943095286
465832.687211871,-581837.289427839
460014.628304108,-593220.059913486
452511.572996891,-653231.220022832
441696.740873472,-704006.079957307
429920.341469642,-718032.945720863
416769.861310609,-721489.222542507
413980.089116717,-722216.764896211
400797.949679413,-728423.778666883
384145.956408799,-730975.361398504
372762.128140289,-730261.091487367
350942.536383577,-720728.716926265
329295.567920746,-715904.654529361
323398.473128442,-717478.033385355
315380.731006017,-724948.133925976
285371.635818658,-715603.711586893
276934.818126544,-708863.648305959
270404.938415267,-707802.343471847
256616.340057111,-712144.705750161
247342.785121309,-709547.859190449
237059.894464688,-713343.603678564
212846.516066811,-718086.87509218
195826.74919818,-717484.34627053
149044.124550314,-706324.934271213
132256.57814185,-699967.89501736
104118.251281019,-695524.970779506
89837.2437520465,-687910.892597825
70732.8106527062,-692580.511045038
59158.6810418027,-691006.026018223
38703.1522673958,-692712.279666009
27351.6363731475,-690588.451424848
4426.67830731563,-690023.457062764
-8732.20385341847,-692765.866201609
-24682.4581270337,-687236.940184284
-35038.809910767,-675284.526311003
-43118.7324437391,-669826.779806133
-50540.1615220283,-670734.079733249
-58598.0966763362,-666030.57174045
-71497.3615706027,-671555.122881119
-83844.8163018021,-672075.895420469
-95061.6883341238,-678549.283989486
-105124.409842912,-683288.824122998
-108059.12667657,-687567.459396635
-105461.11693073,-692532.255046128
-105670.024018326,-698942.935535422
-114657.184868772,-703018.228990101
-120107.50655821,-703826.755812531
-129890.809587486,-708516.093646545
-140498.904922052,-709961.01837891
-157213.344541188,-706606.364453338
-170341.865139568,-716189.17239832
-176347.400719124,-718450.076732695
-183438.253549716,-722340.074259452
-189452.271315926,-737294.052521436
-189983.049894458,-743840.138663527
-186062.280280619,-751556.565851356
-182227.781084762,-757004.743888769
-175709.717550139,-763287.382571971
-166492.836511974,-765780.956392694
-167604.634483079,-769255.974448832
-176585.812131854,-780183.387899073
-177061.651236204,-787808.599308112
-173417.285576036,-789029.670117984
-158453.206619883,-784138.587843444
-157862.626902622,-788707.709497741
-159021.399084404,-792813.324153426
-160029.674528171,-803052.436762264
-157387.699745789,-807207.260532718
-153794.2673358,-810076.822224603
-157510.826532526,-815769.651103717
-161066.232331662,-818132.681829559
-161989.274093476,-823562.536783439
-154827.292973986,-823938.267263885
-151781.725816763,-825615.110409476
-159074.347906959,-832144.582205346
-169501.4254504,-843084.545311039
-170187.530441012,-860744.379390358
-168210.961295572,-863136.835123395
-161846.55003034,-862061.705696143
-171206.829965246,-873500.514398338
-172589.62169862,-880935.975803102
-169689.003368546,-887813.92310866
-162173.843732414,-889169.076162995
-167198.766433834,-893963.604625758
-167577.050037494,-904214.19873777
-164353.30836935,-935251.32198565
-160123.928871506,-950130.511465043
-159463.447670897,-957805.597722001
-159589.938742281,-964142.932349342
-162102.20167066,-976579.010925063
-164395.733994627,-994729.650847611
-169234.164877851,-1005715.98688425
-173077.913221446,-1010479.32965701
-184578.781753739,-1048333.00534341
-186457.962883601,-1057090.53323729
-183686.778382304,-1060395.66200505
-182847.943076518,-1064500.00545938
-189408.056311969,-1076923.50538335
NA,NA
573477.731643742,-1097836.22001643
574463.166174257,-1096262.7066195
584057.904951408,-1085748.25198205
600927.060324699,-1061718.41757001
619712.305613107,-1028363.12079229
622314.116090227,-1027428.5922754
625128.018280566,-1028331.54475749
630191.886443539,-1026272.06306241
641712.037617184,-1019709.10559573
644278.869974475,-1015608.9975223
635964.125247274,-1006826.3944434
629027.316124433,-1004928.18165095
637405.382475132,-997022.618068807
654948.740490216,-977487.191146976
669338.686890835,-973025.300495543
699194.455487209,-960959.273307278
741997.990172345,-948859.238538363
747097.058771255,-944905.173069487
760132.553545928,-928042.346480268
816162.273503369,-891489.404629418
827345.648968577,-880393.545260284
835179.746895721,-870641.401028808
833413.246759359,-855364.268958939
832101.269238488,-852221.773985732
827846.538303945,-849710.449426538
825617.968890229,-846895.054662017
826307.012123832,-836368.578391611
830591.982603572,-835676.65027346
837661.776427941,-832048.012498456
835728.439828394,-826064.756162058
831603.266366332,-823625.611043013
828830.119251432,-816740.513751291
827508.331623093,-813473.466981496
817845.800017645,-799602.29846854
812275.895161105,-772398.790600979
812470.330845919,-763775.560113918
820410.311468351,-744825.320148136
827440.815328574,-731846.881971969
868110.780037303,-699201.207189993
873900.310200869,-692684.22308959
877509.270393835,-687210.619149629
888720.762456584,-683052.8773567
890625.894966583,-684167.665805162
893847.969966673,-686030.297001002
898354.114214247,-692328.920261781
903521.68450977,-694626.736951142
916013.054191194,-696275.02881266
918810.628565691,-697085.352221462
937066.442119914,-702370.584849007
943948.069046397,-703362.967275715
950133.844268432,-702232.144092585
949779.016242769,-699743.566655223
951421.444163236,-699183.069541445
954412.122675687,-700198.745636753
956694.28990168,-698032.904712768
959645.077058953,-696072.549008882
964832.574674581,-695638.252511124
971451.208261269,-693111.106178117
971899.830400438,-697351.492170052
973272.478184747,-701677.148872363
977271.720991178,-703308.084644774
983651.644972284,-702364.43164379
993512.306011119,-702349.51911102
1001665.4533561,-714662.549882468
1023719.1122323,-718342.345244978
1035765.33964417,-726181.308533619
1053736.17761452,-724128.22806902
1060995.93271083,-726634.271036159
1075694.82149988,-717739.299023091
1090702.13983361,-712792.252665099
1096556.66273958,-708846.31294669
1102905.38480236,-701156.329022172
1104507.26927215,-692798.854432774
1106419.52775735,-688214.588065914
1117657.82079281,-679744.097825313
1140571.47169204,-652406.803976634
1146569.46445847,-647575.208384949
1155487.26151419,-642551.943331897
1160158.71512755,-639911.341850668
1164333.67228015,-637549.540272228
1183204.85042078,-631344.448271681
1204063.8426146,-620469.064514267
1209648.09746805,-615024.539723918
1223524.67222723,-588737.038385419
1241269.39949808,-562785.044255016
1257195.57830822,-552078.543902055
1270516.25669465,-551937.792359674
1292975.36092155,-558461.390243418
1300480.37166797,-557844.860142869
1339207.77346771,-577065.386342427
1361893.52289618,-581580.332162117
NA,NA
